姓名,学号,班级
陈雨,2024240101,计算机2401
袁英可,2024240102,计算机2401
秦曦宇,2024240103,计算机2401
闫桐雨,2024240104,计算机2401
张伟,2024240105,计算机2401
李娜,2024240106,计算机2401
王鑫宇,2024240107,计算机2401
戴梦,2024240108,计算机2401
邹建天,2024240109,计算机2401
郑芳晨,2024240110,计算机2401
蒋洋欣,2024240111,计算机2401
周怡磊,2024240112,计算机2401
马明然,2024240113,计算机2401
陆天,2024240114,计算机2401
李子,2024240115,计算机2401
高世,2024240116,计算机2401
赵桐芳,2024240117,计算机2401
周豪,2024240118,计算机2401
吴雪英,2024240119,计算机2401
尹子,2024240120,计算机2401
任娟晨,2024240121,计算机2401
余文芷,2024240122,计算机2401
谭静文,2024240123,计算机2401
万昊,2024240124,计算机2401
付强涵,2024240125,计算机2401
陈涵曦,2024240126,计算机2401
石嫣,2024240127,计算机2401
孟平雨,2024240128,计算机2401
谢平,2024240129,计算机2401
石兰,2024240130,计算机2401
莫秀,2024240131,计算机2401
马曦,2024240132,计算机2401
严敏梓,2024240133,计算机2401
叶梓博,2024240134,计算机2401
崔芷,2024240135,计算机2401
郭志,2024240136,计算机2401
侯涵,2024240137,计算机2401
彭琪芷,2024240138,计算机2401
程嘉佳,2024240139,计算机2401
周静,2024240140,计算机2401
顾梓涵,2024240141,计算机2401
夏梦子,2024240142,计算机2401
袁梓,2024240201,计算机2402
潘泽雨,2024240202,计算机2402
郑若心,2024240203,计算机2402
肖世静,2024240204,计算机2402
张伟,2024240205,计算机2402
李娜,2024240206,计算机2402
王鑫宇,2024240207,计算机2402
于霞,2024240208,计算机2402
秦欣,2024240209,计算机2402
曾泽,2024240210,计算机2402
陶强刚,2024240211,计算机2402
贺超宇,2024240212,计算机2402
曾超涵,2024240213,计算机2402
闫秀宇,2024240214,计算机2402
魏艳,2024240215,计算机2402
张静天,2024240216,计算机2402
肖晓军,2024240217,计算机2402
沈娜,2024240218,计算机2402
陈梓天,2024240219,计算机2402
姜琪,2024240220,计算机2402
程静豪,2024240221,计算机2402
吕刚涵,2024240222,计算机2402
周超,2024240223,计算机2402
侯洋,2024240224,计算机2402
姚欣,2024240225,计算机2402
钟可杰,2024240226,计算机2402
谭军昊,2024240227,计算机2402
袁诗子,2024240228,计算机2402
邹丽浩,2024240229,计算机2402
潘宇佳,2024240230,计算机2402
孟俊雨,2024240231,计算机2402
方涵,2024240232,计算机2402
叶天,2024240233,计算机2402
苏豪,2024240234,计算机2402
汤雨紫,2024240235,计算机2402
唐磊,2024240236,计算机2402
叶子萌,2024240237,计算机2402
唐紫敏,2024240238,计算机2402
余强雨,2024240239,计算机2402
付雨曦,2024240240,计算机2402
龚娜晨,2024240241,计算机2402
钟心,2024240242,计算机2402
邓桂怡,2024240301,软件工程2401
钟若建,2024240302,软件工程2401
白慧雨,2024240303,软件工程2401
肖昊文,2024240304,软件工程2401
段艳,2024240305,软件工程2401
汤平嫣,2024240306,软件工程2401
许雨,2024240307,软件工程2401
邹萱子,2024240308,软件工程2401
向怡远,2024240309,软件工程2401
严涵豪,2024240310,软件工程2401
闫静宇,2024240311,软件工程2401
苏磊怡,2024240312,软件工程2401
许欣,2024240313,软件工程2401
徐博欣,2024240314,软件工程2401
沈紫,2024240315,软件工程2401
唐豪明,2024240316,软件工程2401
万俊航,2024240317,软件工程2401
陆子若,2024240318,软件工程2401
孔天,2024240319,软件工程2401
崔军勇,2024240320,软件工程2401
薛紫桐,2024240321,软件工程2401
方梓佳,2024240322,软件工程2401
邓怡梓,2024240323,软件工程2401
丁英,2024240324,软件工程2401
郑涛志,2024240325,软件工程2401
陆芳雨,2024240326,软件工程2401
罗晓芳,2024240327,软件工程2401
郑建家,2024240328,软件工程2401
贺俊,2024240329,软件工程2401
龙豪静,2024240330,软件工程2401
许宇,2024240331,软件工程2401
王博雨,2024240332,软件工程2401
宋若,2024240333,软件工程2401
方轩博,2024240334,软件工程2401
方强紫,2024240335,软件工程2401
谢诗欣,2024240336,软件工程2401
金英伟,2024240337,软件工程2401
苏天佳,2024240338,软件工程2401
任雨杰,2024240339,软件工程2401
徐若,2024240340,软件工程2401
孔明芷,2024240341,软件工程2401
夏曦霞,2024240342,软件工程2401
沈娟,2024240401,软件工程2402
熊豪涛,2024240402,软件工程2402
袁刚怡,2024240403,软件工程2402
姜天,2024240404,软件工程2402
贺涵雨,2024240405,软件工程2402
魏嘉,2024240406,软件工程2402
秦杰,2024240407,软件工程2402
丁怡思,2024240408,软件工程2402
邓航,2024240409,软件工程2402
丁霞华,2024240410,软件工程2402
武桂雨,2024240411,软件工程2402
蒋涵宇,2024240412,软件工程2402
韩超雨,2024240413,软件工程2402
范嫣,2024240414,软件工程2402
黎豪,2024240415,软件工程2402
胡宇梓,2024240416,软件工程2402
郑豪,2024240417,软件工程2402
李宇英,2024240418,软件工程2402
段浩涵,2024240419,软件工程2402
顾晨梦,2024240420,软件工程2402
毛欣伟,2024240421,软件工程2402
肖华俊,2024240422,软件工程2402
邵超雅,2024240423,软件工程2402
曹敏,2024240424,软件工程2402
贾静,2024240425,软件工程2402
范杰雅,2024240426,软件工程2402
谭秀,2024240427,软件工程2402
邹勇,2024240428,软件工程2402
黄磊,2024240429,软件工程2402
蒋欣英,2024240430,软件工程2402
崔怡明,2024240431,软件工程2402
许琪,2024240432,软件工程2402
薛梦若,2024240433,软件工程2402
许芷,2024240434,软件工程2402
陶怡豪,2024240435,软件工程2402
陈洋,2024240436,软件工程2402
尹俊俊,2024240437,软件工程2402
林超泽,2024240438,软件工程2402
黄涵萱,2024240439,软件工程2402
孔雨芷,2024240440,软件工程2402
宋桐静,2024240441,软件工程2402
程怡敏,2024240442,软件工程2402
彭豪志,2024240501,网络工程2401
梁俊,2024240502,网络工程2401
陈雨雨,2024240503,网络工程2401
陈涛,2024240504,网络工程2401
黎然兰,2024240505,网络工程2401
卢轩,2024240506,网络工程2401
陶可华,2024240507,网络工程2401
朱强曦,2024240508,网络工程2401
蒋涵,2024240509,网络工程2401
廖志子,2024240510,网络工程2401
徐怡明,2024240511,网络工程2401
沈天雨,2024240512,网络工程2401
熊怡芳,2024240513,网络工程2401
林宇涵,2024240514,网络工程2401
许曦,2024240515,网络工程2401
邵博,2024240516,网络工程2401
龚欣敏,2024240517,网络工程2401
余宇刚,2024240518,网络工程2401
邓佳兰,2024240519,网络工程2401
罗嘉,2024240520,网络工程2401
江若豪,2024240521,网络工程2401
胡婷平,2024240522,网络工程2401
江雪芳,2024240523,网络工程2401
廖宇,2024240524,网络工程2401
任远子,2024240525,网络工程2401
龙雨紫,2024240526,网络工程2401
史欣,2024240527,网络工程2401
雷若志,2024240528,网络工程2401
汤雨,2024240529,网络工程2401
魏怡刚,2024240530,网络工程2401
邓心芷,2024240531,网络工程2401
钱雨,2024240532,网络工程2401
程怡,2024240533,网络工程2401
谭娜,2024240534,网络工程2401
王建,2024240535,网络工程2401
曹佳静,2024240536,网络工程2401
郝宇刚,2024240537,网络工程2401
黎怡心,2024240538,网络工程2401
闫英博,2024240539,网络工程2401
唐超丽,2024240540,网络工程2401
陆子萱,2024240541,网络工程2401
谭宇雅,2024240542,网络工程2401
